Workbook

Sheet Instructions
A1: AI-Driven Model Engineering SLR — Team Tracker
A2: APT470S | Term 3 Research Project | Submission: CoB 27 August 2026
A4: HOW TO USE THIS WORKBOOK (6-person team)
A6: 1. Screening Tracker tab — everyone logs the papers from their assigned database here.
A7: Each paper must be screened by 2 people (title/abstract only). Log both reviewers'
A8: decisions in the Reviewer 1 / Reviewer 2 columns, then agree a Final Decision.
A10: 2. Full-Text Eligibility tab — for anything marked Include (or Maybe) after screening,
A11: do a full-text read and log Include/Exclude + a reason here. Reasons are required
A12: for every exclusion (this feeds your PRISMA diagram and Criterion 4 on the rubric).
A14: 3. Data Extraction tab — one row per FINAL included paper. Split these evenly across
A15: the team once you know the total. Pilot-test on 2 shared papers first so everyone
A16: codes fields the same way, before splitting the rest.
... A28: team has a first draft Include list (usually partway through week 1-2).
A30: Person | B30: Database / Role | C30: Status
A31: Person 1 | B31: IEEE Xplore | C31: Not started
A32: Person 2 | B32: ACM Digital Library | C32: Not started
A33: Thabiso Matsaba | B33: ScienceDirect | C33: Not started
A34: Person 4 | B34: SpringerLink | C34: Not started
A35: Person 5 | B35: Scopus | C35: Not started
A36: Person 6 | B36: Web of Science | C36: Not started
A37: NOTE: Thabiso Matsaba has been assigned the 13 Top Included Primary Studies (pre-coded from ScienceDirect). These are entered in Screening Tracker (rows 3-15), Full-Text Eligibility (rows 3-15), and partially populated in Data Extraction (rows 2-14). Remaining Data Extraction fields and full Quality Assessment should be completed after full-text reading. | B37: Google Scholar snowballing (backward + forward citation search on included papers) + floating support for whichever database falls behind | C37: Not started

Sheet Screening Tracker
A1: # | B1: Database | C1: Reviewer(s) | D1: Title | E1: Authors | F1: Year | G1: Venue | H1: DOI / Link | I1: Abstract (paste) | J1: Reviewer 1 Decision | K1: Reviewer 2 Decision | L1: Final Decision | M1: Exclusion Reason (if excluded)
A2: 1 | B2: ScienceDirect | C2: Thabiso Matsaba | D2: Change-aware round-trip benchmarking of LLMs for reliable and efficient artifact co-evolution | E2: Dao, Duy; Bucaioni, Alessio; Cicchetti, Antonio | F2: 2026 | G2: Journal of Systems and Software | H2: https://doi.org/10.1016/j.jss.2026.113014 | I2: Evaluates LLMs (GPT-5, Gemini 2.5, DeepSeek V3, Qwen3) for round-trip consistency & co-evolution between class models and schemas under controlled edits. Measures edit persistence, structural validity, and run-to-run consistency. | J2: Include | K2: Include | L2: Include
A3: 2 | B3: ScienceDirect | C3: Thabiso Matsaba | D3: Semanti-MOP: Bridging the semantic gap in automated architecture refactoring via instability-aware Large Language Models | E3: Salem, Ahmed | F3: 2026 | G3: Information and Software Technology | H3: https://doi.org/10.1016/j.infsof.2026.108280 | I3: Combines LLMs (RAG) and search-based optimization for architectural refactoring and microservice decomposition on Apache Flink. | J3: Include | K3: Include | L3: Include
A4: 3 | B4: ScienceDirect | C4: Thabiso Matsaba | D4: A framework for assessing the capabilities of code generation of constraint domain-specific languages with large language models | E4: Delgado, David; Burgueño, Lola; Clarisó, Robert | F4: 2026 | G4: Journal of Systems and Software | H4: https://doi.org/10.1016/j.jss.2026.112871 | I4: Evaluates LLM generation of formal constraint DSLs (OCL, Alloy) from textual specifications with code repair mechanisms. | J4: Include | K4: Include | L4: Include
A5: 4 | B5: ScienceDirect | C5: Thabiso Matsaba | D5: Automatic translation of natural language requirements into CTL specifications using Large Language Models: A multi-approach evaluation | E5: Zrelli, Rim; Misson, Henrique Amaral; Attia, Marwa Ben; de Magalhaes, Felipe Gohring; Shabah, Abdo; Nicolescu, Gabriela | F5: 2026 | G5: Journal of Systems and Software | H5: https://doi.org/10.1016/j.jss.2026.112941 | I5: Fine-tuning & prompting LLMs to translate natural language requirements into CTL formal verification models. Multi-approach evaluation. | J5: Include | K5: Include | L5: Include
A6: 5 | B6: ScienceDirect | C6: Thabiso Matsaba | D6: Detecting semantic alignments between textual specifications and domain models | E6: Shimangaud, Shwetali; Burgueño, Lola; Kienzle, Jörg; Saini, Rijul | F6: 2026 | G6: Information and Software Technology | H6: https://doi.org/10.1016/j.infsof.2026.108154 | I6: Applies NLP and LLMs to detect alignments and misalignments between textual specifications and domain models with high precision. | J6: Include | K6: Include | L6: Include
A7: 6 | B7: ScienceDirect | C7: Thabiso Matsaba | D7: Assessing UML diagrams by GPT: Implications for education | E7: Wang, Chong; Wang, Beian; Liang, Peng; Liang, Jie | F7: 2026 | G7: Journal of Systems and Software | H7: https://doi.org/10.1016/j.jss.2025.112709 | I7: Evaluates GPT’s capabilities in assessing and grading UML use case, class, and sequence diagrams against expert baselines. Educational implications. | J7: Include | K7: Include | L7: Include
A8: 7 | B8: ScienceDirect | C8: Thabiso Matsaba | D8: Automated spectrum-based model fault localization within a search framework | E8: Shu, Ting; Xue, Xinru; Yin, Xuesong; Xia, Jinsong | F8: 2025 | G8: Journal of Systems and Software | H8: https://doi.org/10.1016/j.jss.2025.112576 | I8: Applies Whale Optimization Algorithm and Learning-to-Rank for spectrum-based fault localization on Extended Finite State Machines (EFSM). | J8: Include | K8: Include | L8: Include
A9: 8 | B9: ScienceDirect | C9: Thabiso Matsaba | D9: An architecture for model-based and intelligent automation in DevOps | E9: Eramo, Romina; Said, Bilal; Oriol, Marc; Bruneliere, Hugo; Morales, Sergio | F9: 2024 | G9: Journal of Systems and Software | H9: https://doi.org/10.1016/j.jss.2024.112180 | I9: The AIDOaRt framework integrating AI/ML and Model-Driven Engineering for continuous system validation across multiple industrial case studies. | J9: Include | K9: Include | L9: Include
A10: 9 | B10: ScienceDirect | C10: Thabiso Matsaba | D10: Convolutional neural networks for enhanced classification mechanisms of metamodels | E10: Nguyen, Phuong T.; Di Ruscio, Davide; Pierantonio, Alfonso; Di Rocco, Juri; Iovino, Ludovico | F10: 2021 | G10: Journal of Systems and Software | H10: https://doi.org/10.1016/j.jss.2020.110860 | I10: Uses deep Convolutional Neural Networks (memoCNN) to automatically categorize and manage Ecore metamodel repositories. | J10: Include | K10: Include | L10: Include
A11: 10 | B11: ScienceDirect | C11: Thabiso Matsaba | D11: An evolutionary approach for generating software models: The case of Kromaia in Game Software Engineering | E11: Blasco, Daniel; Font, Jaime; Zamorano, Mar; Cetina, Carlos | F11: 2021 | G11: Journal of Systems and Software | H11: https://doi.org/10.1016/j.jss.2020.110804 | I11: Evolutionary model generation (EMoGen) producing industrial software models of >1000 elements in 5 hours versus 10 months of manual effort (Kromaia game). | J11: Include | K11: Include | L11: Include
A12: 11 | B12: ScienceDirect | C12: Thabiso Matsaba | D12: Comparison of search strategies for feature location in software models | E12: Echeverría, Jorge; Font, Jaime; Pérez, Francisca; Cetina, Carlos | F12: 2021 | G12: Journal of Systems and Software | H12: https://doi.org/10.1016/j.jss.2021.111037 | I12: Evaluates metaheuristic search algorithms (random search, ILS, hill climbing, evolutionary algorithm, hybrid) across 1,895 feature location problems from 40 industrial software product lines. | J12: Include | K12: Include | L12: Include
A13: 12 | B13: ScienceDirect | C13: Thabiso Matsaba | D13: MOMM: Multi-objective model merging | E13: Mansoor, Usman; Kessentini, Marouane; Langer, Philip; Wimmer, Manuel; Bechikh, Slim; Deb, Kalyanmoy | F13: 2015 | G13: Journal of Systems and Software | H13: https://doi.org/10.1016/j.jss.2014.11.043 | I13: NSGA-II multi-objective optimization approach for resolving conflicts in collaborative model engineering (model merging). | J13: Include | K13: Include | L13: Include
A14: 13 | B14: ScienceDirect | C14: Thabiso Matsaba | D14: QExplore: An exploration strategy for dynamic web applications using guided search | E14: Sherin, Salman; Muqeet, Asmar; Khan, Muhammad Uzair; Iqbal, Muhammad Zohaib | F14: 2023 | G14: Journal of Systems and Software | H14: https://doi.org/10.1016/j.jss.2022.111512 | I14: Reinforcement learning (Q-learning) based exploration strategy for dynamic web applications, synthesizing behavioral state models. | J14: Include | K14: Include | L14: Include

Sheet Full-Text Eligibility
A1: # | B1: Title | C1: Reviewer | D1: Full-Text Decision | E1: Exclusion Reason | F1: Notes (why relevant / key contribution)
A2: 1 | B2: Example: LLM-based UML class diagram generation from requirements | C2: Person 3 | D2: Include | F2: Uses GPT-4 + grammar constraints; evaluated on 20 industrial requirement docs.
A3: 1 | B3: Change-aware round-trip benchmarking of LLMs for reliable and efficient artifact co-evolution | C3: Thabiso Matsaba | D3: Include | F3: Pre-coded AI-DME relevant study (RQ2, RQ6, RQ8, RQ10). Evaluates LLMs (GPT-5, Gemini 2.5, DeepSeek V3, Qwen3) for round-trip consistency & co-evolution between class models and schemas under controlled edits. Measures edit persistence, structural validity, and run-to-run consistency.
A4: 2 | B4: Semanti-MOP: Bridging the semantic gap in automated architecture refactoring via instability-aware Large Language Models | C4: Thabiso Matsaba | D4: Include | F4: Pre-coded AI-DME relevant study (RQ2, RQ3, RQ6, RQ7, RQ14). Combines LLMs (RAG) and search-based optimization for architectural refactoring and microservice decomposition on Apache Flink.
A5: 3 | B5: A framework for assessing the capabilities of code generation of constraint domain-specific languages with large language models | C5: Thabiso Matsaba | D5: Include | F5: Pre-coded AI-DME relevant study (RQ4, RQ8, RQ9, RQ10). Evaluates LLM generation of formal constraint DSLs (OCL, Alloy) from textual specifications with code repair mechanisms.
A6: 4 | B6: Automatic translation of natural language requirements into CTL specifications using Large Language Models: A multi-approach evaluation | C6: Thabiso Matsaba | D6: Include | F6: Pre-coded AI-DME relevant study (RQ5, RQ8, RQ9, RQ12). Fine-tuning & prompting LLMs to translate natural language requirements into CTL formal verification models. Multi-approach evaluation.
A7: 5 | B7: Detecting semantic alignments between textual specifications and domain models | C7: Thabiso Matsaba | D7: Include | F7: Pre-coded AI-DME relevant study (RQ5, RQ6, RQ8). Applies NLP and LLMs to detect alignments and misalignments between textual specifications and domain models with high precision.
A8: 6 | B8: Assessing UML diagrams by GPT: Implications for education | C8: Thabiso Matsaba | D8: Include | F8: Pre-coded AI-DME relevant study (RQ4, RQ6, RQ8, RQ9). Evaluates GPT’s capabilities in assessing and grading UML use case, class, and sequence diagrams against expert baselines. Educational implications.
A9: 7 | B9: Automated spectrum-based model fault localization within a search framework | C9: Thabiso Matsaba | D9: Include | F9: Pre-coded AI-DME relevant study (RQ4, RQ6, RQ8). Applies Whale Optimization Algorithm and Learning-to-Rank for spectrum-based fault localization on Extended Finite State Machines (EFSM).
A10: 8 | B10: An architecture for model-based and intelligent automation in DevOps | C10: Thabiso Matsaba | D10: Include | F10: Pre-coded AI-DME relevant study (RQ1, RQ2, RQ3, RQ13). The AIDOaRt framework integrating AI/ML and Model-Driven Engineering for continuous system validation across multiple industrial case studies.
A11: 9 | B11: Convolutional neural networks for enhanced classification mechanisms of metamodels | C11: Thabiso Matsaba | D11: Include | F11: Pre-coded AI-DME relevant study (RQ2, RQ4, RQ6). Uses deep Convolutional Neural Networks (memoCNN) to automatically categorize and manage Ecore metamodel repositories.
A12: 10 | B12: An evolutionary approach for generating software models: The case of Kromaia in Game Software Engineering | C12: Thabiso Matsaba | D12: Include | F12: Pre-coded AI-DME relevant study (RQ6, RQ7, RQ11). Evolutionary model generation (EMoGen) producing industrial software models of >1000 elements in 5 hours versus 10 months of manual effort (Kromaia game).
A13: 11 | B13: Comparison of search strategies for feature location in software models | C13: Thabiso Matsaba | D13: Include | F13: Pre-coded AI-DME relevant study (RQ4, RQ6, RQ11). Evaluates metaheuristic search algorithms (random search, ILS, hill climbing, evolutionary algorithm, hybrid) across 1,895 feature location problems from 40 industrial software product lines.
... A15: 13 | B15: QExplore: An exploration strategy for dynamic web applications using guided search | C15: Thabiso Matsaba | D15: Include | F15: Pre-coded AI-DME relevant study (RQ2, RQ3, RQ6). Reinforcement learning (Q-learning) based exploration strategy for dynamic web applications, synthesizing behavioral state models.

Sheet Data Extraction
A1: # | B1: Title | C1: Extracted By | D1: Year | E1: Venue | F1: Country/Institution | G1: Study/Contribution Type | H1: Application Domain | I1: System Scale | J1: AI Technique/Model/Version | K1: Prompting/Training/Adaptation Method | L1: Single- or Multi-Agent | M1: Model-Engineering Stage/Task | N1: Modelling Language/Metamodel/Diagram Type | O1: Input Artefact(s) | P1: Output Artefact(s) | Q1: Dataset/Benchmark | R1: Baseline/Comparison | S1: Validation Mechanism | T1: Human Involvement | U1: Quality Metrics & Reported Performance | V1: Computational Cost/Scalability | W1: Explainability/Uncertainty Treatment | X1: Standards Conformance/Traceability | Y1: Reproducibility Assets | Z1: Reported Benefits | AA1: Reported Limitations | AB1: Industrial Evidence | AC1: Assigned Maturity Level (1-6)
A2: 1 | B2: Change-aware round-trip benchmarking of LLMs for reliable and efficient artifact co-evolution | C2: Thabiso Matsaba | D2: 2026 | E2: Journal of Systems and Software | G2: Empirical evaluation / Benchmark | J2: LLMs (GPT-5, Qwen3-Next-80B-A3B, DeepSeek V3, Gemini 2.5) | K2: Controlled edit + translation prompts; reproducible protocol | L2: Single-agent | M2: Model evolution; Model-code synchronisation; Artifact co-evolution | N2: Class-oriented data models; Relational database schemas | O2: Paired models/schemas with controlled edit operations | P2: Co-evolved models and schemas (round-trip) | Q2: Curated dataset of paired models and schemas | S2: Edit persistence; Structural validity (parsability/loadability); Run-to-run consistency | T2: Human oversight for structural reorganization cases | AB2: No (controlled benchmark) | AC2: 4
A3: 2 | B3: Semanti-MOP: Bridging the semantic gap in automated architecture refactoring via instability-aware Large Language Models | C3: Thabiso Matsaba | D3: 2026 | E3: Information and Software Technology | G3: Framework / Method + Industrial evaluation | J3: LLMs with RAG + search-based optimization | K3: RAG-augmented prompting; instability-aware | L3: Single-agent | M3: Architectural modelling; Model transformation; Refactoring | N3: Architectural models; Microservice architectures | O3: Existing architecture / source code (Apache Flink) | P3: Refactored architecture; Microservice decomposition | Q3: Apache Flink industrial case | S3: Industrial case study evaluation | T3: Human-in-the-loop for approval of refactorings | AB3: Yes (Apache Flink) | AC3: 4
A4: 3 | B4: A framework for assessing the capabilities of code generation of constraint domain-specific languages with large language models | C4: Thabiso Matsaba | D4: 2026 | E4: Journal of Systems and Software | G4: Framework / Empirical evaluation | J4: Large Language Models | K4: Prompting for constraint generation + repair loops | L4: N/A (search/RL) | M4: Model-to-code synthesis; Model validation; Constraint generation | N4: Constraint DSLs (OCL, Alloy) | O4: Textual specifications | P4: OCL / Alloy formal constraints; Repaired code | Q4: Constraint specification benchmarks | S4: Code generation accuracy; Repair success; Syntactic + semantic checks | T4: Expert review of generated constraints | AB4: No | AC4: 3
A5: 4 | B5: Automatic translation of natural language requirements into CTL specifications using Large Language Models: A multi-approach evaluation | C5: Thabiso Matsaba | D5: 2026 | E5: Journal of Systems and Software | G5: Empirical evaluation / Method | J5: LLMs (fine-tuning and prompting) | K5: Fine-tuning + multiple prompting strategies | L5: Single-agent | M5: Requirements-to-model generation; Formal specification synthesis | N5: CTL (Computation Tree Logic) formal models | O5: Natural-language requirements | P5: CTL specifications for model checking | Q5: NL requirements to CTL translation datasets | S5: Translation accuracy; Formal verification readiness; Semantic fidelity | T5: Human validation of CTL correctness | AB5: No | AC5: 3
A6: 5 | B6: Detecting semantic alignments between textual specifications and domain models | C6: Thabiso Matsaba | D6: 2026 | E6: Information and Software Technology | G6: Method / Empirical evaluation | J6: NLP techniques and Large Language Models | K6: LLM-based semantic similarity / alignment detection | L6: N/A (search/RL) | M6: Model quality assurance; Requirements understanding; Traceability | N6: Domain models | O6: Textual specifications; Domain models | P6: Semantic alignment / misalignment detections | Q6: Specification-to-model alignment benchmarks | S6: Precision/recall of alignment detection; Semantic fidelity | T6: Expert-labeled alignments as ground truth | AB6: No | AC6: 3
A7: 6 | B7: Assessing UML diagrams by GPT: Implications for education | C7: Thabiso Matsaba | D7: 2026 | E7: Journal of Systems and Software | G7: Empirical evaluation | J7: GPT (Large Language Model) | K7: Prompting for diagram assessment and grading | L7: Single-agent | M7: Model quality assurance; Validation; Educational assessment | N7: UML (use-case, class, sequence diagrams) | O7: UML diagrams (student submissions) | P7: Assessment scores / feedback | Q7: Student UML diagram corpus with expert grades | S7: Correlation with expert baselines; Inter-rater agreement | T7: Expert grader baselines | AB7: No (educational setting) | AC7: 2
A8: 7 | B8: Automated spectrum-based model fault localization within a search framework | C8: Thabiso Matsaba | D8: 2025 | E8: Journal of Systems and Software | G8: Method / Algorithm + Empirical evaluation | J8: Whale Optimization Algorithm; Learning-to-Rank (metaheuristics / ML) | K8: N/A (search-based / ranking) | L8: N/A (search/RL) | M8: Model quality assurance; Model repair; Fault localization | N8: Extended Finite State Machines (EFSM) | O8: EFSM models with injected faults; Spectrum data | P8: Ranked fault locations | Q8: EFSM fault localization benchmarks | S8: Localization accuracy metrics (EXAM score, etc.) | T8: Minimal (automated localization) | AB8: No | AC8: 3
A9: 8 | B9: An architecture for model-based and intelligent automation in DevOps | C9: Thabiso Matsaba | D9: 2024 | E9: Journal of Systems and Software | G9: Architecture / Framework + Industrial evaluation | J9: AI/ML techniques integrated with MDE | K9: Various AI/ML pipelines within the architecture | L9: N/A (search/RL) | M9: Model validation; Runtime modelling; Continuous validation; DevOps automation | N9: Multiple MDE artefacts and metamodels | O9: System models; Runtime telemetry; Requirements | P9: Validated models; Automation artefacts; Feedback loops | Q9: Multiple industrial case studies (AIDOaRt project) | S9: Industrial case studies; Continuous validation metrics | T9: Human-in-the-loop DevOps engineers | AB9: Yes (multiple industrial partners) | AC9: 5
A10: 9 | B10: Convolutional neural networks for enhanced classification mechanisms of metamodels | C10: Thabiso Matsaba | D10: 2021 | E10: Journal of Systems and Software | G10: Method / Tool + Empirical evaluation | J10: Deep Convolutional Neural Networks (memoCNN) | K10: N/A (supervised CNN classification) | L10: Single-agent | M10: Domain modelling; Model quality assurance; Repository management | N10: Ecore metamodels | O10: Ecore metamodel repositories (graph/image representations) | P10: Classified/categorized metamodels | Q10: Ecore metamodel corpus | S10: Classification accuracy; Comparison with baselines | T10: Labeled training data from experts | AB10: No | AC10: 3
A11: 10 | B11: An evolutionary approach for generating software models: The case of Kromaia in Game Software Engineering | C11: Thabiso Matsaba | D11: 2021 | E11: Journal of Systems and Software | G11: Method + Industrial case study | J11: Evolutionary algorithms (EMoGen) | K11: N/A (search-based generation) | L11: N/A (search/RL) | M11: Requirements-to-model generation; Model generation | N11: Software models (game domain, large-scale) | O11: Search space / requirements encoding for Kromaia | P11: Software models with >1000 elements | Q11: Kromaia industrial game case | S11: Time comparison vs manual; Model quality/fitness | T11: Domain experts define fitness / search space | AB11: Yes (Kromaia commercial game) | AC11: 4
A12: 11 | B12: Comparison of search strategies for feature location in software models | C12: Thabiso Matsaba | D12: 2021 | E12: Journal of Systems and Software | G12: Empirical evaluation / Comparative study | J12: Metaheuristic search (random, iterated local search, hill climbing, EA, hybrid EA+HC) | K12: N/A (search-based) | L12: N/A (search/RL) | M12: Model completion; Feature location in models | N12: Software product line models | O12: 1895 feature location problems from 40 industrial SPLs | P12: Located feature realizations in models | Q12: 40 industrial software product lines (1895 problems) | S12: Performance comparison across search strategies; Impact of model size/density measures | T12: Industrial models as ground truth | AB12: Yes (40 industrial SPLs) | AC12: 3
A13: 12 | B13: MOMM: Multi-objective model merging | C13: Thabiso Matsaba | D13: 2015 | E13: Journal of Systems and Software | G13: Method / Algorithm + Empirical evaluation | J13: NSGA-II multi-objective evolutionary optimization | K13: N/A (multi-objective search) | L13: N/A (search/RL) | M13: Collaborative modelling; Model repair; Model merging | N13: UML / MOF-based software models | O13: Conflicting model versions from collaborative editing | P13: Merged models resolving conflicts under multiple objectives | Q13: Collaborative modelling conflict scenarios | S13: Multi-objective quality metrics; Comparison with existing merge tools | T13: Developers select preferred solutions from Pareto front | AB13: Limited | AC13: 3
A14: 13 | B14: QExplore: An exploration strategy for dynamic web applications using guided search | C14: Thabiso Matsaba | D14: 2023 | E14: Journal of Systems and Software | G14: Method / Tool + Empirical evaluation | J14: Reinforcement Learning (Q-learning) | K14: N/A (RL exploration policy) | L14: N/A (search/RL) | M14: Behavioural modelling; Runtime modelling; Model synthesis | N14: Behavioral state models of web applications | O14: Dynamic web applications (runtime exploration) | P14: Behavioral state models / exploration traces | Q14: Dynamic web application benchmarks | S14: Exploration coverage; Model quality vs unguided baselines | T14: Minimal (automated exploration) | AB14: No | AC14: 3

Sheet Quality Assessment
A1: # | B1: Title | C1: Scored By | D1: Research clarity | E1: Context | F1: AI transparency | G1: Modelling transparency | H1: Dataset quality | I1: Baseline | J1: Syntactic validity | K1: Semantic fidelity | L1: Completeness | M1: Cross-view consistency | N1: Independent validation | O1: Human expertise | P1: Experimental rigour | Q1: Statistical analysis | R1: Reproducibility | S1: Practical relevance | T1: Scalability | U1: Threats to validity | V1: Total (/18) | W1: Notes
V2: =SUM(D2:U2) -> 0
V3: =SUM(D3:U3) -> 0
V4: =SUM(D4:U4) -> 0
V5: =SUM(D5:U5) -> 0
V6: =SUM(D6:U6) -> 0
V7: =SUM(D7:U7) -> 0
V8: =SUM(D8:U8) -> 0
V9: =SUM(D9:U9) -> 0
V10: =SUM(D10:U10) -> 0
V11: =SUM(D11:U11) -> 0
V12: =SUM(D12:U12) -> 0
V13: =SUM(D13:U13) -> 0
... V101: =SUM(D101:U101) -> 0

Sheet PRISMA Counts
A1: PRISMA Flow — Auto-Calculated Counts
A2: These update automatically as you fill in the Screening Tracker and Full-Text Eligibility tabs.
A4: Stage | B4: Count
A5: Records identified through database searching | B5: 1907
A6: Records after title/abstract screening (Final Decision = Include or Maybe) | B6: 126
A7: Records excluded at title/abstract stage | B7: 1781
A8: Full-text articles assessed for eligibility | B8: =COUNTA('Full-Text Eligibility'!B3:B302) -> 13
A9: Full-text articles excluded (with reasons) | B9: =COUNTIF('Full-Text Eligibility'!D3:D302,"Exclude") -> 0
A10: Studies included in qualitative synthesis (final) | B10: =COUNTIF('Full-Text Eligibility'!D3:D302,"Include") -> 13
A11: Records by database:
A12: Database | B12: Count
A13: IEEE Xplore | B13: =COUNTIF('Screening Tracker'!B2:B501,"IEEE Xplore") -> 0
A14: ACM Digital Library | B14: =COUNTIF('Screening Tracker'!B2:B501,"ACM Digital Library") -> 0
A15: ScienceDirect | B15: =COUNTIF('Screening Tracker'!B2:B501,"ScienceDirect") -> 13
A16: SpringerLink | B16: =COUNTIF('Screening Tracker'!B2:B501,"SpringerLink") -> 0
A17: Scopus | B17: =COUNTIF('Screening Tracker'!B2:B501,"Scopus") -> 0
A18: Web of Science | B18: =COUNTIF('Screening Tracker'!B2:B501,"Web of Science") -> 0
A19: Google Scholar (snowball) | B19: =COUNTIF('Screening Tracker'!B2:B501,"Google Scholar (snowball)") -> 0
