Workbook

Sheet Instructions
A1: AI-Driven Model Engineering SLR — Team Tracker
A2: APT470S | Term 3 Research Project | Submission: CoB 27 August 2026
A4: HOW TO USE THIS WORKBOOK (6-person team)
A6: 1. Screening Tracker tab — everyone logs the papers from their assigned database here.
A7: Each paper must be screened by 2 people (title/abstract only). Log both reviewers'
A8: decisions in the Reviewer 1 / Reviewer 2 columns, then agree a Final Decision.
A10: 2. Full-Text Eligibility tab — for anything marked Include (or Maybe) after screening,
A11: do a full-text read and log Include/Exclude + a reason here. Reasons are required
A12: for every exclusion (this feeds your PRISMA diagram and Criterion 4 on the rubric).
A14: 3. Data Extraction tab — one row per FINAL included paper. Split these evenly across
A15: the team once you know the total. Pilot-test on 2 shared papers first so everyone
A16: codes fields the same way, before splitting the rest.
... A28: team has a first draft Include list (usually partway through week 1-2).
A30: Person | B30: Database / Role | C30: Status
A31: Person 1 | B31: IEEE Xplore | C31: Not started
A32: Person 2 | B32: ACM Digital Library | C32: Not started
A33: Person 3 | B33: ScienceDirect | C33: Not started
A34: Person 4 | B34: SpringerLink | C34: Not started
A35: Person 5 | B35: Scopus | C35: Not started
A36: Person 6 | B36: Web of Science | C36: Not started
A37: Person 7 | B37: Google Scholar snowballing (backward + forward citation search on included papers) + floating support for whichever database falls behind | C37: Not started

Sheet Screening Tracker
A1: # | B1: Database | C1: Reviewer(s) | D1: Title | E1: Authors | F1: Year | G1: Venue | H1: DOI / Link | I1: Abstract (paste) | J1: Reviewer 1 Decision | K1: Reviewer 2 Decision | L1: Final Decision | M1: Exclusion Reason (if excluded)
A2: 1 | B2: IEEE Xplore | C2: Person 1 / Person 2 | D2: Example: LLM-based UML class diagram generation from requirements | E2: Smith, J. et al. | F2: 2024 | G2: IEEE Transactions on SE | H2: 10.1109/example | I2: This paper proposes an approach using GPT-4 to generate UML class diagrams... | J2: Include | K2: Include | L2: Include

Sheet Full-Text Eligibility
A1: # | B1: Title | C1: Reviewer | D1: Full-Text Decision | E1: Exclusion Reason | F1: Notes (why relevant / key contribution)
A2: 1 | B2: Example: LLM-based UML class diagram generation from requirements | C2: Person 3 | D2: Include | F2: Uses GPT-4 + grammar constraints; evaluated on 20 industrial requirement docs.

Sheet Data Extraction
A1: # | B1: Title | C1: Extracted By | D1: Year | E1: Venue | F1: Country/Institution | G1: Study/Contribution Type | H1: Application Domain | I1: System Scale | J1: AI Technique/Model/Version | K1: Prompting/Training/Adaptation Method | L1: Single- or Multi-Agent | M1: Model-Engineering Stage/Task | N1: Modelling Language/Metamodel/Diagram Type | O1: Input Artefact(s) | P1: Output Artefact(s) | Q1: Dataset/Benchmark | R1: Baseline/Comparison | S1: Validation Mechanism | T1: Human Involvement | U1: Quality Metrics & Reported Performance | V1: Computational Cost/Scalability | W1: Explainability/Uncertainty Treatment | X1: Standards Conformance/Traceability | Y1: Reproducibility Assets | Z1: Reported Benefits | AA1: Reported Limitations | AB1: Industrial Evidence | AC1: Assigned Maturity Level (1-6)

Sheet Quality Assessment
A1: # | B1: Title | C1: Scored By | D1: Research clarity | E1: Context | F1: AI transparency | G1: Modelling transparency | H1: Dataset quality | I1: Baseline | J1: Syntactic validity | K1: Semantic fidelity | L1: Completeness | M1: Cross-view consistency | N1: Independent validation | O1: Human expertise | P1: Experimental rigour | Q1: Statistical analysis | R1: Reproducibility | S1: Practical relevance | T1: Scalability | U1: Threats to validity | V1: Total (/18) | W1: Notes
V2: =SUM(D2:U2) -> 0
V3: =SUM(D3:U3) -> 0
V4: =SUM(D4:U4) -> 0
V5: =SUM(D5:U5) -> 0
V6: =SUM(D6:U6) -> 0
V7: =SUM(D7:U7) -> 0
V8: =SUM(D8:U8) -> 0
V9: =SUM(D9:U9) -> 0
V10: =SUM(D10:U10) -> 0
V11: =SUM(D11:U11) -> 0
V12: =SUM(D12:U12) -> 0
V13: =SUM(D13:U13) -> 0
... V101: =SUM(D101:U101) -> 0

Sheet PRISMA Counts
A1: PRISMA Flow — Auto-Calculated Counts
A2: These update automatically as you fill in the Screening Tracker and Full-Text Eligibility tabs.
A4: Stage | B4: Count
A5: Records identified through database searching | B5: =COUNTA('Screening Tracker'!B3:B502) -> 0
A6: Records after title/abstract screening (Final Decision = Include or Maybe) | B6: =COUNTIF('Screening Tracker'!L3:L502,"Include")+COUNTIF('Screening Tracker'!L3:L502,"Maybe") -> 0
A7: Records excluded at title/abstract stage | B7: =COUNTIF('Screening Tracker'!L3:L502,"Exclude") -> 0
A8: Full-text articles assessed for eligibility | B8: =COUNTA('Full-Text Eligibility'!B3:B302) -> 0
A9: Full-text articles excluded (with reasons) | B9: =COUNTIF('Full-Text Eligibility'!D3:D302,"Exclude") -> 0
A10: Studies included in qualitative synthesis (final) | B10: =COUNTIF('Full-Text Eligibility'!D3:D302,"Include") -> 0
A11: Records by database:
A12: Database | B12: Count
A13: IEEE Xplore | B13: =COUNTIF('Screening Tracker'!B3:B502,"IEEE Xplore") -> 0
A14: ACM Digital Library | B14: =COUNTIF('Screening Tracker'!B3:B502,"ACM Digital Library") -> 0
A15: ScienceDirect | B15: =COUNTIF('Screening Tracker'!B3:B502,"ScienceDirect") -> 0
A16: SpringerLink | B16: =COUNTIF('Screening Tracker'!B3:B502,"SpringerLink") -> 0
A17: Scopus | B17: =COUNTIF('Screening Tracker'!B3:B502,"Scopus") -> 0
A18: Web of Science | B18: =COUNTIF('Screening Tracker'!B3:B502,"Web of Science") -> 0
A19: Google Scholar (snowball) | B19: =COUNTIF('Screening Tracker'!B3:B502,"Google Scholar (snowball)") -> 0
